order_id,order_date,customer_id,product,category,quantity,unit_price,city,payment_method
1001,2026-01-05,C001,Laptop,Electronics,1,65000,Pune,UPI
1002,2026-01-06,C002,Headphones,Electronics,2,1500,Mumbai,Card
1003,2026-01-08,C003,TShirt,Clothing,3,600,Nashik,UPI
1004,2026-01-10,C001,Mouse,Electronics,1,800,Pune,Card
1005,2026-01-12,C004,Shoes,Footwear,1,2500,Mumbai,Cash
1006,2026-01-15,C005,Jeans,Clothing,2,1200,Pune,UPI
1007,2026-02-02,C002,Keyboard,Electronics,1,1800,Mumbai,Card
1008,2026-02-05,C006,Shoes,Footwear,2,2500,Nashik,UPI
1009,2026-02-09,C003,TShirt,Clothing,2,600,Nashik,Cash
1010,2026-02-14,C001,Monitor,Electronics,1,12000,Pune,Card
1011,2026-02-18,C007,Backpack,Accessories,1,1400,Mumbai,UPI
1012,2026-03-01,C005,Jeans,Clothing,1,1200,Pune,Card
1013,2026-03-04,C008,Headphones,Electronics,1,1500,Nashik,UPI
1014,2026-03-08,C002,Laptop,Electronics,1,65000,Mumbai,Card
1015,2026-03-12,C006,TShirt,Clothing,4,600,Nashik,UPI
1016,2026-03-15,C004,Shoes,Footwear,1,2500,Mumbai,Cash
1017,2026-03-20,C009,Backpack,Accessories,2,1400,Pune,UPI
1018,2026-03-25,C001,Keyboard,Electronics,1,1800,Pune,Card
1019,2026-03-27,C007,Jeans,Clothing,2,1200,Mumbai,UPI
1020,2026-03-30,C010,Monitor,Electronics,1,12000,Nashik,Card